open_time,open,high,low,close,volume,n_bars
1728592200000,59773.31614055336,59837.77902909091,59687.3656225033,59827.03521433465,1.0,15
1728593100000,59827.03521433465,59891.4981028722,59805.54758482214,59886.12619549407,1.0,15
1728594000000,59886.12619549407,59886.12619549407,59784.05995530962,59816.2913995784,1.0,15
1728594900000,59816.2913995784,60004.30815781291,59816.2913995784,60004.30815781291,1.0,15
1728595800000,60004.30815781291,60074.142953728595,59945.217176653496,59950.58908403162,1.0,15
1728596700000,59950.58908403162,60267.531619341244,59945.217176653496,60267.531619341244,1.0,15
1728597600000,60267.531619341244,60267.531619341244,60025.79578732543,60047.28341683795,1.0,15
1728598500000,60047.28341683795,60192.32491604743,60025.79578732543,60192.32491604743,1.0,15
1728599400000,60192.32491604743,60310.50687836627,60170.837286534916,60305.13497098815,1.0,15
1728600300000,60305.13497098815,60315.878785744404,60219.184452938076,60219.184452938076,1.0,15
1728601200000,60219.184452938076,60337.36641525692,60219.184452938076,60331.99450787879,1.0,15
1728602100000,60326.62260050066,60374.96976690382,60299.763063610015,60331.99450787879,1.0,15
1728603000000,60331.99450787879,60364.225952147564,60299.763063610015,60315.878785744404,1.0,15
1728603900000,60315.878785744404,60391.08548903821,60256.78780458498,60385.71358166008,1.0,15
1728604800000,60385.71358166008,60417.94502592886,60326.62260050066,60401.82930379447,1.0,15
1728605700000,60401.82930379447,60412.573118550725,60267.531619341244,60278.2754340975,1.0,15
1728606600000,60278.2754340975,60353.48213739131,60219.184452938076,60353.48213739131,1.0,15
1728607500000,60353.48213739131,60358.85404476943,60262.15971196311,60262.15971196311,1.0,15
1728608400000,60262.15971196311,60294.39115623188,60181.58110129117,60213.81254555995,1.0,15
1728609300000,60213.81254555995,60289.01924885376,60213.81254555995,60219.184452938076,1.0,15
1728610200000,60219.184452938076,60262.15971196311,60160.09347177866,60240.6720824506,1.0,15
1728611100000,60240.6720824506,60804.722357154154,60235.300175072465,60627.449413675895,1.0,15
1728612000000,60627.449413675895,60648.93704318841,60423.31693330698,60455.54837757576,1.0,15
1728612900000,60455.54837757576,60579.10224727273,60455.54837757576,60514.63935873518,1.0,15
1728613800000,60514.63935873518,60546.870803003956,60514.63935873518,60546.870803003956,1.0,15
1728614700000,60546.870803003956,60691.91230221344,60546.870803003956,60600.58987678525,1.0,15
1728615600000,60600.58987678525,60751.00328337286,60600.58987678525,60702.6561169697,1.0,15
1728616500000,60702.6561169697,60724.143746482216,60632.82132105402,60724.143746482216,1.0,15
1728617400000,60724.143746482216,60729.51565386035,60648.93704318841,60675.796580079055,1.0,15
1728618300000,60675.796580079055,60745.63137599473,60659.680857944666,60659.680857944666,1.0,15
1728619200000,60659.680857944666,60761.74709812912,60648.93704318841,60713.39993172596,1.0,15
1728620100000,60713.39993172596,60713.39993172596,60654.308950566534,60659.680857944666,1.0,15
1728621000000,60659.680857944666,60686.54039483531,60627.449413675895,60665.0527653228,1.0,15
1728621900000,60665.0527653228,60740.259468616605,60648.93704318841,60740.259468616605,1.0,15
1728622800000,60740.259468616605,60810.09426453228,60713.39993172596,60713.39993172596,1.0,15
1728623700000,60713.39993172596,60767.11900550725,60632.82132105402,60659.680857944666,1.0,15
1728624600000,60659.680857944666,60697.28420959157,60654.308950566534,60681.16848745718,1.0,15
1728625500000,60681.16848745718,60713.39993172596,60638.19322843215,60648.93704318841,1.0,15
1728626400000,60648.93704318841,60686.54039483531,60648.93704318841,60659.680857944666,1.0,15
1728627300000,60659.680857944666,60799.35044977602,60659.680857944666,60777.86282026351,1.0,15
1728628200000,60777.86282026351,60955.13576374177,60761.74709812912,60906.78859733861,1.0,15
1728629100000,60906.78859733861,60917.532412094864,60836.953801422926,60836.953801422926,1.0,15
1728630000000,60836.953801422926,60949.763856363636,60810.09426453228,60890.67287520422,1.0,15
1728630900000,60890.67287520422,60901.416689960475,60826.20998666667,60842.32570880106,1.0,15
1728631800000,60842.32570880106,60863.81333831357,60777.86282026351,60777.86282026351,1.0,15
1728632700000,60777.86282026351,60799.35044977602,60697.28420959157,60718.77183910408,1.0,15
1728633600000,60718.77183910408,60772.490912885376,60713.39993172596,60751.00328337286,1.0,15
1728634500000,60751.00328337286,60847.69761617918,60751.00328337286,60761.74709812912,1.0,15
1728635400000,60761.74709812912,60767.11900550725,60691.91230221344,60718.77183910408,1.0,15
1728636300000,60718.77183910408,60751.00328337286,60713.39993172596,60713.39993172596,1.0,15
1728637200000,60713.39993172596,60944.39194898551,60697.28420959157,60939.02004160738,1.0,15
1728638100000,60939.02004160738,61024.97055965745,60869.185245691704,60869.185245691704,1.0,15
1728639000000,60869.185245691704,60922.90431947299,60853.069523557315,60896.04478258235,1.0,15
1728639900000,60896.04478258235,61137.78061459816,60896.04478258235,61105.54917032938,1.0,15
1728640800000,61105.54917032938,61239.84685478261,61100.177262951256,61116.29298508564,1.0,15
1728641700000,61116.29298508564,61277.450206429516,61041.08628179183,61046.45818916996,1.0,15
1728642600000,61046.45818916996,61132.40870722003,61030.342467035574,61057.20200392622,1.0,15
1728643500000,61057.20200392622,61196.87159575758,61041.08628179183,61175.38396624506,1.0,15
1728644400000,61175.38396624506,61202.24350313571,61100.177262951256,61105.54917032938,1.0,15
1728645300000,61105.54917032938,61180.75587362319,61100.177262951256,61116.29298508564,1.0,15
1728646200000,61116.29298508564,61229.103040026355,61116.29298508564,61186.12778100132,1.0,15
1728647100000,61186.12778100132,61272.07829905138,61180.75587362319,61191.49968837945,1.0,15
1728648000000,61191.49968837945,61315.05355807642,61148.52442935442,61229.103040026355,1.0,15
1728648900000,61229.103040026355,61288.19402118577,61175.38396624506,61282.82211380764,1.0,15
1728649800000,61282.82211380764,61481.58268679842,61175.38396624506,61218.35922527009,1.0,15
1728650700000,61218.35922527009,61384.88835399209,61196.87159575758,61384.88835399209,1.0,15
1728651600000,61384.88835399209,61417.11979826087,61298.93783594203,61315.05355807642,1.0,15
1728652500000,61315.05355807642,61438.607427773386,61223.73113264822,61422.491705639,1.0,15
1728653400000,61422.491705639,61739.43424094862,61422.491705639,61492.32650155468,1.0,15
1728654300000,61492.32650155468,61830.756666376816,61454.723149907775,61669.59944503294,1.0,15
1728655200000,61669.59944503294,61916.70718442688,61669.59944503294,61900.59146229249,1.0,15
1728656100000,61900.59146229249,61927.45099918314,61766.293777839266,61766.293777839266,1.0,15
1728657000000,61766.293777839266,61879.103832779976,61739.43424094862,61750.17805570488,1.0,15
1728657900000,61750.17805570488,61836.12857375494,61626.62418600791,61739.43424094862,1.0,15
1728658800000,61739.43424094862,62190.67446071147,61739.43424094862,62179.9306459552,1.0,15
1728659700000,62179.9306459552,62260.50925662714,62024.145331989464,62131.58347955204,1.0,15
1728660600000,62131.58347955204,62147.69920168643,61954.31053607378,62008.029609855075,1.0,15
1728661500000,62008.029609855075,62400.1788484585,62008.029609855075,62222.90590498024,1.0,15
1728662400000,62222.90590498024,62384.06312632411,62174.55873857708,62174.55873857708,1.0,15
1728663300000,62174.55873857708,62324.97214516469,62142.3272943083,62249.765441870884,1.0,15
1728664200000,62249.765441870884,62384.06312632411,62228.27781235837,62367.94740418973,1.0,15
1728665100000,62367.94740418973,62389.43503370224,62088.608220527014,62233.649719736495,1.0,15
1728666000000,62233.649719736495,62260.50925662714,62147.69920168643,62163.81492382082,1.0,15
1728666900000,62163.81492382082,62341.08786729908,62131.58347955204,62330.34405254282,1.0,15
1728667800000,62330.34405254282,62765.46855017128,62330.34405254282,62674.146124743085,1.0,15
1728668700000,62674.146124743085,62862.1628829776,62636.54277309618,62846.04716084321,1.0,15
1728669600000,62846.04716084321,62899.766234624505,62695.6337542556,62717.12138376812,1.0,15
1728670500000,62717.12138376812,62765.46855017128,62652.65849523057,62679.51803212121,1.0,15
1728671400000,62679.51803212121,62829.93143870883,62679.51803212121,62813.81571657444,1.0,15
1728672300000,62813.81571657444,62856.79097559948,62733.2371059025,62851.419068221345,1.0,15
1728673200000,62851.419068221345,63318.77501011858,62776.21236492754,63157.6177887747,1.0,15
1728674100000,63157.6177887747,63162.989696152836,62926.62577151515,62958.85721578393,1.0,15
1728675000000,62958.85721578393,63007.20438218709,62749.35282803689,62894.39432724638,1.0,15
1728675900000,62894.39432724638,63007.20438218709,62840.67525346509,63007.20438218709,1.0,15
1728676800000,63007.20438218709,63007.20438218709,62851.419068221345,62851.419068221345,1.0,15
1728677700000,62851.419068221345,62942.74149364954,62851.419068221345,62921.25386413703,1.0,15
1728678600000,62921.25386413703,62953.4853084058,62878.27860511199,62931.99767889328,1.0,15
1728679500000,62931.99767889328,62964.229123162055,62883.65051249012,62915.881956758894,1.0,15
1728680400000,62915.881956758894,63077.039178102765,62915.881956758894,62964.229123162055,1.0,15
1728681300000,62964.229123162055,62980.344845296444,62899.766234624505,62948.11340102767,1.0,15
