symbol,bars,expected_bars,missing_bars,missing_pct,n_gaps,max_gap_hours,max_gap_from,max_gap_to,zero_vol_pct,max_zero_vol_run,flat_bar_pct,zombie_bars,median_quote_vol_h,first_bar,last_bar,last_live_bar
AAVEUSDT,51506,51525,19,0.037,10,5.0,2021-08-13,2021-08-13,0.01,1,0.01,0,717428.2,2020-10-15 03:00:00,2026-08-31 23:00:00,2026-08-31 23:00:00
ADAUSDT,73325,73412,87,0.119,25,11.0,2018-06-26,2018-06-26,0.01,1,0.01,0,1444236.6,2018-04-17 04:00:00,2026-08-31 23:00:00,2026-08-31 23:00:00
AGIXUSDT,11994,11995,1,0.008,1,2.0,2023-03-24,2023-03-24,0.01,1,0.01,0,462690.1,2023-02-17 08:00:00,2024-07-01 02:00:00,2024-07-01 02:00:00
AKROUSDT,36313,36332,19,0.052,10,5.0,2021-08-13,2021-08-13,0.01,1,0.03,0,68531.2,2020-11-02 07:00:00,2024-12-25 02:00:00,2024-12-25 02:00:00
ANTUSDT,30846,30865,19,0.062,10,5.0,2021-08-13,2021-08-13,0.01,1,0.02,0,87892.8,2020-08-13 02:00:00,2024-02-20 02:00:00,2024-02-20 02:00:00
ATOMUSDT,64311,64364,53,0.082,19,11.0,2019-05-15,2019-05-15,0.01,1,0.01,0,452472.7,2019-04-29 04:00:00,2026-08-31 23:00:00,2026-08-31 23:00:00
AXSUSDT,51016,51035,19,0.037,10,5.0,2021-08-13,2021-08-13,0.01,1,0.02,0,247661.2,2020-11-04 13:00:00,2026-08-31 23:00:00,2026-08-31 23:00:00
BCHUSDT,59215,59246,31,0.052,15,6.0,2020-02-19,2020-02-19,0.01,1,0.01,0,752935.0,2019-11-28 10:00:00,2026-08-31 23:00:00,2026-08-31 23:00:00
BNBUSDT,77181,77301,120,0.155,27,33.5,2018-02-08,2018-02-09,0.01,1,0.01,0,3466343.7,2017-11-06 03:00:00,2026-08-31 23:00:00,2026-08-31 23:00:00
BTCUSDT,79117,79244,127,0.16,28,33.5,2018-02-08,2018-02-09,0.01,1,0.01,0,39220868.5,2017-08-17 04:00:00,2026-08-31 23:00:00,2026-08-31 23:00:00
BTSUSDT,33562,33593,31,0.092,15,6.0,2020-02-19,2020-02-19,0.18,3,0.61,0,19338.1,2020-02-06 10:00:00,2023-12-07 02:00:00,2023-12-07 02:00:00
BUSDUSDT,37090,37125,35,0.094,17,6.0,2020-02-19,2020-02-19,0.1,2,0.43,0,10372705.9,2019-09-20 08:00:00,2023-12-15 04:00:00,2023-12-15 04:00:00
COCOSUSDT,32914,33045,131,0.396,18,97.0,2021-01-19,2021-01-23,0.15,2,0.69,0,40411.6,2019-08-21 11:00:00,2023-05-29 07:00:00,2023-05-29 07:00:00
CRVUSDT,52969,52988,19,0.036,10,5.0,2021-08-13,2021-08-13,0.01,1,0.02,0,567666.1,2020-08-15 04:00:00,2026-08-31 23:00:00,2026-08-31 23:00:00
DOCKUSDT,42948,42983,35,0.081,17,6.0,2020-02-19,2020-02-19,0.14,2,0.63,0,16892.0,2019-08-27 04:00:00,2024-07-22 02:00:00,2024-07-22 02:00:00
DOGEUSDT,62705,62748,43,0.069,18,9.0,2019-08-15,2019-08-15,0.0,1,0.01,0,2675160.4,2019-07-05 12:00:00,2026-08-31 23:00:00,2026-08-31 23:00:00
DOTUSDT,52878,52897,19,0.036,10,5.0,2021-08-13,2021-08-13,0.01,1,0.01,0,1178181.8,2020-08-18 23:00:00,2026-08-31 23:00:00,2026-08-31 23:00:00
DREPUSDT,36798,36925,127,0.344,16,97.0,2021-03-29,2021-04-02,0.53,4,1.23,0,24282.3,2020-01-16 14:00:00,2024-04-03 02:00:00,2024-04-03 02:00:00
EOSUSDT,61231,61318,87,0.142,25,11.0,2018-06-26,2018-06-26,0.01,1,0.01,0,756454.0,2018-05-28 05:00:00,2025-05-26 02:00:00,2025-05-26 02:00:00
ETCUSDT,71993,72070,77,0.107,24,11.0,2019-05-15,2019-05-15,0.02,10,0.02,0,433032.4,2018-06-12 02:00:00,2026-08-31 23:00:00,2026-08-31 23:00:00
ETHUSDT,79117,79244,127,0.16,28,33.5,2018-02-08,2018-02-09,0.01,1,0.01,0,19112209.3,2017-08-17 04:00:00,2026-08-31 23:00:00,2026-08-31 23:00:00
FILUSDT,51492,51511,19,0.037,10,5.0,2021-08-13,2021-08-13,0.01,1,0.01,0,919563.4,2020-10-15 17:00:00,2026-08-31 23:00:00,2026-08-31 23:00:00
FTTUSDT,51228,58725,7497,12.766,15,7468.0,2022-11-15,2023-09-22,0.12,3,0.46,0,127017.0,2019-12-20 03:00:00,2026-08-31 23:00:00,2026-08-31 23:00:00
LINKUSDT,66771,66830,59,0.088,20,11.0,2019-05-15,2019-05-15,0.01,1,0.01,0,1577394.1,2019-01-16 10:00:00,2026-08-31 23:00:00,2026-08-31 23:00:00
LTCUSDT,76293,76413,120,0.157,27,33.5,2018-02-08,2018-02-09,0.01,1,0.01,0,1178869.2,2017-12-13 03:00:00,2026-08-31 23:00:00,2026-08-31 23:00:00
LUNAUSDT,52382,52838,456,0.863,11,438.0,2022-05-13,2022-05-31,0.01,1,0.01,0,235105.4,2020-08-21 10:00:00,2026-08-31 23:00:00,2026-08-31 23:00:00
LUNCUSDT,34863,34864,1,0.003,1,2.0,2023-03-24,2023-03-24,0.0,1,0.0,0,233233.0,2022-09-09 08:00:00,2026-08-31 23:00:00,2026-08-31 23:00:00
NEARUSDT,51528,51547,19,0.037,10,5.0,2021-08-13,2021-08-13,0.01,1,0.01,0,1177215.4,2020-10-14 05:00:00,2026-08-31 23:00:00,2026-08-31 23:00:00
PERLUSDT,37492,37527,35,0.093,17,6.0,2020-02-19,2020-02-19,0.05,1,0.23,0,26744.5,2019-08-26 12:00:00,2023-12-07 02:00:00,2023-12-07 02:00:00
POLSUSDT,27829,27836,7,0.025,3,5.0,2021-08-13,2021-08-13,0.01,1,0.11,0,26393.8,2021-05-19 07:00:00,2024-07-22 02:00:00,2024-07-22 02:00:00
RENUSDT,45628,45663,35,0.077,17,6.0,2020-02-19,2020-02-19,0.02,1,0.1,0,77847.6,2019-09-25 12:00:00,2024-12-10 02:00:00,2024-12-10 02:00:00
SANDUSDT,52984,53003,19,0.036,10,5.0,2021-08-13,2021-08-13,0.01,1,0.01,0,353314.3,2020-08-14 13:00:00,2026-08-31 23:00:00,2026-08-31 23:00:00
SOLUSDT,53063,53082,19,0.036,10,5.0,2021-08-13,2021-08-13,0.01,1,0.01,0,8794386.0,2020-08-11 06:00:00,2026-08-31 23:00:00,2026-08-31 23:00:00
SRMUSDT,20108,20126,18,0.089,9,5.0,2021-08-13,2021-08-13,0.01,1,0.02,0,342708.5,2020-08-11 13:00:00,2022-11-28 02:00:00,2022-11-28 02:00:00
THETAUSDT,64767,64820,53,0.082,19,11.0,2019-05-15,2019-05-15,0.02,1,0.07,0,157779.9,2019-04-10 04:00:00,2026-08-31 23:00:00,2026-08-31 23:00:00
TOMOUSDT,37131,37166,35,0.094,17,6.0,2020-02-19,2020-02-19,0.03,2,0.11,0,73132.8,2019-08-24 13:00:00,2023-11-20 02:00:00,2023-11-20 02:00:00
TROYUSDT,46986,47017,31,0.066,15,6.0,2020-02-19,2020-02-19,0.04,2,0.14,0,35680.0,2019-12-05 02:00:00,2025-04-16 02:00:00,2025-04-16 02:00:00
TRXUSDT,71998,72085,87,0.121,25,11.0,2018-06-26,2018-06-26,0.01,1,0.01,0,1260774.7,2018-06-11 11:00:00,2026-08-31 23:00:00,2026-08-31 23:00:00
UNIUSDT,52178,52197,19,0.036,10,5.0,2021-08-13,2021-08-13,0.01,1,0.01,0,767912.6,2020-09-17 03:00:00,2026-08-31 23:00:00,2026-08-31 23:00:00
VETUSDT,70967,71036,69,0.097,22,11.0,2019-05-15,2019-05-15,0.01,1,0.01,0,286380.4,2018-07-25 04:00:00,2026-08-31 23:00:00,2026-08-31 23:00:00
VITEUSDT,45558,45589,31,0.068,15,6.0,2020-02-19,2020-02-19,0.24,2,0.9,0,23087.9,2019-12-13 14:00:00,2025-02-24 02:00:00,2025-02-24 02:00:00
WAVESUSDT,47382,47441,59,0.124,20,11.0,2019-05-15,2019-05-15,0.01,1,0.02,0,219918.6,2019-01-18 10:00:00,2024-06-17 02:00:00,2024-06-17 02:00:00
XLMUSDT,72264,72351,87,0.12,25,11.0,2018-06-26,2018-06-26,0.01,1,0.01,0,327401.9,2018-05-31 09:00:00,2026-08-31 23:00:00,2026-08-31 23:00:00
XRPUSDT,72913,73000,87,0.119,25,11.0,2018-06-26,2018-06-26,0.01,1,0.01,0,4887704.7,2018-05-04 08:00:00,2026-08-31 23:00:00,2026-08-31 23:00:00
YFIIUSDT,26013,26032,19,0.073,10,5.0,2021-08-13,2021-08-13,0.01,1,0.03,0,132600.4,2020-09-01 11:00:00,2023-08-22 02:00:00,2023-08-22 02:00:00
