币,进过前20名的期数占比,在榜期间中位成交额(百万USDT/天),有数据的期数
ADAUSDT,0.996875,28.4445665138825,2560
BTCUSDT,0.996875,958.3373931174259,2560
BNBUSDT,0.996875,78.1578984469343,2560
ETHUSDT,0.996875,371.9493528175435,2560
XRPUSDT,0.893359375,132.5737098965,2560
LTCUSDT,0.85234375,32.087734006325,2529
TRXUSDT,0.8015625,24.3455470632925,2560
LINKUSDT,0.741796875,43.671842507479994,2560
ATOMUSDT,0.56484375,9.908792523675,2560
DOTUSDT,0.54921875,44.39965531829825,2203
DOGEUSDT,0.534375,95.9992416785225,2558
ETCUSDT,0.51953125,13.6528753592345,2560
EOSUSDT,0.49375,31.316778694082,2066
SOLUSDT,0.468359375,207.12269479845,2210
AVAXUSDT,0.425390625,66.39490057285,2168
FILUSDT,0.41796875,37.5588974061025,2145
VETUSDT,0.3984375,10.693999340439001,2560
BCHUSDT,0.38359375,28.575100261616598,2467
NEOUSDT,0.37421875,7.1767159333974995,2560
XLMUSDT,0.362109375,6.3539949248115,2560
MATICUSDT,0.353125,59.3181158222035,1839
NEARUSDT,0.293359375,53.16425435175,2146
ONTUSDT,0.288671875,4.5263182393650006,2560
FETUSDT,0.280078125,13.2833059147535,2560
ALGOUSDT,0.27421875,0.0,2560
CHZUSDT,0.2390625,14.469650231675,2549
RUNEUSDT,0.207421875,52.710276328199996,2186
SANDUSDT,0.2046875,41.474237215175,2206
QTUMUSDT,0.197265625,1.516464245725,2560
LUNAUSDT,0.171875,233.5768752677315,2180
FTMUSDT,0.162109375,136.1296486483,1964
ANKRUSDT,0.158984375,0.0,2560
INJUSDT,0.157421875,30.703446857,2139
CELRUSDT,0.1546875,0.0,2560
BATUSDT,0.1515625,0.0,2560
ICXUSDT,0.148828125,3.465533670388,2560
IOTAUSDT,0.148828125,2.1568513413979997,2560
BANDUSDT,0.143359375,0.0,2537
DASHUSDT,0.1296875,0.0,2560
ARPAUSDT,0.125390625,0.0,2489
UNIUSDT,0.125,34.6146267342145,2173
AAVEUSDT,0.119921875,11.67904510312,2145
ZECUSDT,0.11796875,8.667855620889,2560
XTZUSDT,0.1171875,18.048249747750997,2532
COSUSDT,0.1109375,0.0,2485
SXPUSDT,0.109765625,56.592551415538,2079
ICPUSDT,0.10546875,56.80984799704,1937
XMRUSDT,0.087890625,4.0944117759888,1636
CVCUSDT,0.085546875,0.0,2405
MANAUSDT,0.08203125,98.67625673607499,2214
NULSUSDT,0.08203125,0.27542379521849997,2056
MASKUSDT,0.081640625,24.622854441050002,1923
CFXUSDT,0.076953125,40.38713603165,1978
SUSHIUSDT,0.073828125,38.088010899999496,2189
ZILUSDT,0.073046875,14.717385030295498,2560
DENTUSDT,0.07265625,0.0,2433
THETAUSDT,0.067578125,103.88085153748551,2560
CRVUSDT,0.066796875,22.805352062895,2206
CTXCUSDT,0.065234375,0.0,1969
STXUSDT,0.06484375,33.482230280855,2500
AXSUSDT,0.0609375,178.5800207631,2125
YFIUSDT,0.060546875,62.985551955275135,2211
WINUSDT,0.06015625,3.029731608579525,2560
ARDRUSDT,0.0578125,0.0,2245
BNTUSDT,0.056640625,0.0,2397
IOSTUSDT,0.05625,3.3302696561275003,2560
ONEUSDT,0.05625,9.25184409665275,2560
TRBUSDT,0.055078125,32.06437578155,2192
WAVESUSDT,0.048046875,55.369833410441,1754
DOCKUSDT,0.048046875,0.0,1789
GRTUSDT,0.04609375,58.696278495433006,2082
DUSKUSDT,0.0453125,0.0,2560
ENJUSDT,0.04296875,0.0,2560
AKROUSDT,0.0375,0.0,1511
HOTUSDT,0.03671875,3.5712369595126003,2560
ARUSDT,0.035546875,26.043698357785,1934
CAKEUSDT,0.03515625,155.14387763527176,2018
1INCHUSDT,0.034765625,0.0,2074
FTTUSDT,0.034375,92.1408692906145,2134
OMGUSDT,0.0328125,158.76753708387173,1754
COTIUSDT,0.030859375,0.0,2377
ALICEUSDT,0.023046875,134.914758051445,1994
KAVAUSDT,0.022265625,7.084478637160999,2501
SLPUSDT,0.021875,77.06988452124999,1948
TLMUSDT,0.01953125,146.4900448413,1964
CHRUSDT,0.01953125,0.0,2306
WRXUSDT,0.01953125,7.189191187107999,1782
TWTUSDT,0.019140625,19.3699889177,2041
COMPUSDT,0.01875,26.09245910579,2257
MKRUSDT,0.01796875,16.2105539968,1878
STORJUSDT,0.014453125,10.6206439227,2221
TFUELUSDT,0.01328125,81.923863964447,2559
ROSEUSDT,0.01328125,142.45185863055622,2110
ONGUSDT,0.012890625,0.8702177453775,2557
SNXUSDT,0.012890625,14.387427497200001,2243
LRCUSDT,0.012890625,190.09075564305002,2117
OGUSDT,0.012109375,26.15260443235,2066
LPTUSDT,0.0109375,13.378148560375,1919
HBARUSDT,0.0109375,10.5638815126,2527
OGNUSDT,0.009375,8.044856296,2425
ALPHAUSDT,0.008984375,0.0,1726
TRUUSDT,0.008984375,32.215965271,1922
RSRUSDT,0.008203125,17.4800606055225,2193
EGLDUSDT,0.008203125,77.1918624520265,2187
MTLUSDT,0.008203125,12.054425742249999,2559
STRAXUSDT,0.00703125,13.661916007950001,2104
UNFIUSDT,0.006640625,27.7828982472,1445
PERLUSDT,0.006640625,0.7727837686935,1560
FLMUSDT,0.00625,11.084514900875002,1869
PERPUSDT,0.00625,9.6187642685567,1697
IDEXUSDT,0.00625,15.9369004053405,1662
RVNUSDT,0.005859375,25.265777445484,2531
BELUSDT,0.00546875,28.538042198849997,2174
KSMUSDT,0.005078125,83.75714333188301,2186
KNCUSDT,0.0046875,6.51029763112275,2270
TOMOUSDT,0.0046875,1.810945015919,1544
CKBUSDT,0.004296875,37.942401513149996,1981
BAKEUSDT,0.001953125,8.465270490715001,1597
OMUSDT,0.0015625,26.945404122804998,1818
RENUSDT,0.000390625,7.7581110610229995,1901
