k,按流动性前k只,随机固定k只中位,随机95%分位,百分位(%),成分日均换手率(%),变体
5,0.8379157781253137,0.4578656581022871,0.7599617902697643,99.5,3.070395801931559,
10,0.7768965346873385,0.4978934072099251,0.7228329578031226,97.5,2.6750506234679734,
20,0.7834349838202006,0.5208058278928842,0.6567942352428511,100.0,2.3209823913223677,
30,0.6847749916042842,0.5354059838105362,0.6510638478576989,99.5,2.3021501938417583,
40,0.6028333241063929,0.530498402624286,0.628513216508264,86.0,2.2518431320171413,
60,0.556046681504165,0.5337507039227872,0.6132279634663933,65.0,1.945555018895711,
100,0.5419243816023668,0.5442109539992974,0.5967890192053886,48.0,1.4447683701781686,
20,0.8114950068596187,0.522457244302547,0.6523190477359122,100.0,,改用过去60天成交额
20,0.6689425524770819,0.5160922865272752,0.678409153792842,93.5,,改用当日成交额(不取中位)
20,0.709282158603622,0.5091429411778456,0.6588990705208128,100.0,,前20只·剔除BTC/ETH/BNB/TRX
