方案,夏普差,p值(夏普差),每期多赚(%),t值(每期多赚),结论
A0 全池·含非加密(旧口径),-0.0029081261168431016,0.414,-0.00391643520744003,-1.571307424678914,不显著
F 全池·剔冷清(liq30<1e+06),0.008465542045203445,0.974,-0.011768633218871843,-0.4240810178746205,不显著
B1 成交额最高25%,0.022147111695107857,0.96,-0.003663106684368955,-0.13356990381404266,不显著
B2 成交额最高50%,-0.0296036871526677,0.764,-0.014325351034667075,-0.5586334898183923,不显著
B3 成交额最低25%,-0.8269158455904965,0.044,-0.03867937827102062,-1.967784058755069,显著
C 前20只(每日按成交额),0.24870649466157035,0.066,0.049199258896149886,1.8694024748329596,不显著
Cx 前20只·剔除大盘4只,0.17455366944499173,0.208,0.04364862957919727,1.5447669387595222,不显著
C4 前4只(每日按成交额),0.3239818189428123,0.136,0.05132285806162239,1.2263425505248873,不显著
E 固定大盘4只(上帝视角),0.549366725329652,0.006,0.07279336626269417,1.691108955368251,显著
