方案,期数,年化收益(%),年化波动(%),夏普,最大回撤(%),夏普差 vs A全池,每期平均持仓只数,非空期数
A0 全池·含非加密(旧口径),2560,40.74682852361331,76.61765392088171,0.5318203630417871,-90.93661557328329,-0.0029081261168431016,166.209375,2560
A 全池·剔非加密,2560,42.17632737432893,78.87428522967114,0.5347284891586302,-91.75638332527984,0.0,161.928515625,2560
F 全池·剔冷清(liq30<1e+06),2444,43.227272729899056,79.57980067287966,0.5431940312038337,-91.12426354150095,0.008465542045203445,84.085546875,2444
B1 成交额最高25%,2466,44.752491901730856,80.36353511111179,0.5568756008537381,-89.17589270190923,0.022147111695107857,36.92578125,2466
B2 成交额最高50%,2466,40.86077271387204,80.8924300521472,0.5051248020059625,-91.70765957360369,-0.0296036871526677,65.544921875,2466
B3 成交额最低25%,1457,-17.840505217970428,61.05844358166323,-0.2921873564318662,-89.96269427171356,-0.8269158455904965,25.802734375,1457
C 前20只(每日按成交额),2552,60.78227888559192,77.5843307241709,0.7834349838202006,-77.25668703049978,0.24870649466157035,19.9375,2552
Cx 前20只·剔除大盘4只,2552,58.756299184904215,82.83910496293733,0.709282158603622,-82.77150215245832,0.17455366944499173,16.1453125,2552
C4 前4只(每日按成交额),2552,61.55739258098938,71.68586658414421,0.8587103081014426,-80.8566105905005,0.3239818189428123,3.9875,2552
E 固定大盘4只(上帝视角),2560,68.74590606021229,63.41316255386472,1.0840952144882823,-69.89138305906168,0.549366725329652,4.0,2560
