g,mkt,Δ A 等权（不调仓）,Δ B 按当前波幅,Δ C 按检索波动预期,Δ D 随机置换(对照),Δ E 上帝视角(上限),date,year
0,0.04850957755531583,0.0,-0.02121206550614664,-0.017817330320527215,0.024351047291399266,-0.031504779483294464,2017-08-18 00:00:00+00:00,2017
1,0.015541413197150597,1.734723475976807e-18,-0.009469531554632564,-0.00808330460706777,-0.018963199208600835,-0.011745144707945847,2017-09-27 00:00:00+00:00,2017
2,0.008234463946920045,1.734723475976807e-18,-0.005911994575621599,-0.005820276375090699,0.013299624097630839,-0.006907197979501336,2017-11-06 00:00:00+00:00,2017
3,-0.0035841472943623862,4.336808689942018e-19,0.0008330550415046795,0.0006654576345202137,-0.01784837558954027,-0.0011233790437822407,2017-12-16 00:00:00+00:00,2017
4,-0.06785102538120599,0.0,0.035286972573872546,0.028884683189293395,-0.008209056317838317,0.042691514912707174,2018-01-25 00:00:00+00:00,2018
5,-0.011649103767900583,1.734723475976807e-18,0.006548262840634395,0.006509940527608924,0.015314577718165679,0.006170099462586781,2018-03-06 00:00:00+00:00,2018
6,-0.009927242301231208,1.734723475976807e-18,0.005114832504450423,0.0053654997876770106,-0.0014312435205438932,0.002529585216105249,2018-04-15 00:00:00+00:00,2018
7,-0.029147442225571515,-3.469446951953614e-18,0.015464409859264172,0.017612604404145252,-0.004111243510995649,0.016127234070438427,2018-05-25 00:00:00+00:00,2018
8,0.021684778928756712,0.0,-0.01512666406408172,-0.012248366427341596,-0.004072389156390816,-0.01534496740583307,2018-07-04 00:00:00+00:00,2018
9,0.027032521682056953,6.938893903907228e-18,-0.018944756852858458,-0.017736606713854915,-0.007442917237987463,-0.021166449593511345,2018-08-13 00:00:00+00:00,2018
10,0.02884555254539434,0.0,-0.012445630942516366,-0.010565232146033377,0.006107706837480294,-0.017020953103302268,2018-09-22 00:00:00+00:00,2018
11,-0.028615833545217708,0.0,0.014442219972102458,0.013707752746149686,0.0003279067683847371,0.01725357536661461,2018-11-01 00:00:00+00:00,2018
12,-0.026519664857960954,3.469446951953614e-18,0.015514920970701722,0.010221076334242452,-0.017505297239525663,0.009049218251407993,2018-12-11 00:00:00+00:00,2018
13,0.03632858889234578,-6.938893903907228e-18,-0.019008013567206824,-0.015623428416005745,0.01976435902696981,-0.03305763989669411,2019-01-20 00:00:00+00:00,2019
14,0.002905873412435705,1.734723475976807e-18,0.001715238615944534,0.0007650741685271069,0.012588945854972737,-0.006421007272968735,2019-03-01 00:00:00+00:00,2019
15,-0.0755838256167329,1.3877787807814457e-17,0.02817243646940771,0.02091423323542392,-0.013251627058187998,0.0486456583604397,2019-04-10 00:00:00+00:00,2019
16,-0.011176392436027527,0.0,0.008494699941206512,0.007479504132097381,-0.0029364310446505157,0.006290159945013793,2019-05-20 00:00:00+00:00,2019
17,0.03791483672041642,-6.938893903907228e-18,-0.02481605735690194,-0.025700060039744767,-0.006914314646348906,-0.03156215702214869,2019-06-29 00:00:00+00:00,2019
18,-0.18113381535278084,0.0,0.13897326787750303,0.12874209807950268,-0.030349677164940886,0.14879822683728391,2019-08-08 00:00:00+00:00,2019
19,-0.009707803020671922,1.734723475976807e-18,0.006122258071458442,0.005952351047071957,-0.017423366446522794,0.007802886392853807,2019-09-17 00:00:00+00:00,2019
20,-0.07950822744272687,0.0,0.05658512188245696,0.05532532684618084,-0.022529510448547257,0.05993778287860041,2019-10-27 00:00:00+00:00,2019
21,-0.06823460080406883,1.3877787807814457e-17,0.05008329818645079,0.04891437577630524,0.01406878327890071,0.06250738625026364,2019-12-06 00:00:00+00:00,2019
22,0.0075084201654597145,-8.673617379884035e-19,-0.006780406592547322,-0.00627225105015131,-0.011928532347552968,-0.006885438291033066,2020-01-15 00:00:00+00:00,2020
23,0.03973718534162895,0.0,-0.028560300033387397,-0.028857241977734607,-0.012499758542733115,-0.034411447737920216,2020-02-24 00:00:00+00:00,2020
24,-0.09304877698421478,0.0,0.08171483401092142,0.074755008241804,0.006019543070987746,0.08605805826768219,2020-04-04 00:00:00+00:00,2020
25,0.021390103101730347,0.0,-0.01169386497123484,-0.008367385391813965,-0.025043349532254927,-0.018900836273127795,2020-05-14 00:00:00+00:00,2020
26,0.006216587126255035,0.0,-0.004724901100893504,-0.004546004930366301,-9.159142446123376e-06,-0.005838031616451279,2020-06-23 00:00:00+00:00,2020
27,-0.004802361726760864,0.0,0.0037880095306598396,0.0036983240088589763,0.00017807423013728712,0.003458482923757988,2020-08-02 00:00:00+00:00,2020
28,-0.0023046335593092863,4.336808689942018e-19,0.0016628925963763364,0.0013756208658306267,-0.004739761389795729,0.0015058804954866827,2020-09-11 00:00:00+00:00,2020
29,-0.01471908594751116,0.0,0.0063780615586062055,0.00629555056384149,-0.009977754964269416,0.00420375643536031,2020-10-21 00:00:00+00:00,2020
30,0.0011565846448041955,0.0,-0.00032721180574936154,-0.0001936377330141202,0.016519594765933936,-0.000910652602138223,2020-11-30 00:00:00+00:00,2020
31,-0.09347432395633386,0.0,0.07734602657399756,0.06109693035802982,0.011504347127550663,0.0682007253009725,2021-01-09 00:00:00+00:00,2021
32,0.019088855596503827,0.0,-0.0046580447312479754,-0.004684523484076018,-0.005081286815276696,-0.008574165895600942,2021-02-18 00:00:00+00:00,2021
33,-0.015205536225829461,-1.734723475976807e-18,0.011672182585689313,0.012487143914295732,0.013650718329436708,0.007785460924178285,2021-03-30 00:00:00+00:00,2021
34,-0.011878237352898372,-1.734723475976807e-18,0.007303785433314372,0.007736984431344809,-0.003930709748751317,0.007799671117239868,2021-05-09 00:00:00+00:00,2021
35,0.0016815284987789902,-4.336808689942018e-19,-0.0008383110469667783,-0.0008529653445269498,-0.0047938347938407885,-0.001494309275085913,2021-06-18 00:00:00+00:00,2021
36,0.0013276290653938024,-2.168404344971009e-19,-0.0006625987341722367,-0.000767351542845555,0.005602236484248746,-0.0018647282137793436,2021-07-28 00:00:00+00:00,2021
37,-0.0022982433438301086,4.336808689942018e-19,0.0018357831368777185,0.0016722756889045228,-0.00387221074374516,0.0011573789269426359,2021-09-06 00:00:00+00:00,2021
38,-0.035876706540584564,-6.938893903907228e-18,0.02117403627377977,0.020647084314847443,0.0032231565079057153,0.022939288617839705,2021-10-16 00:00:00+00:00,2021
39,0.007042946549236472,0.0,-0.0043283452506066,-0.002866455047772703,-0.01150716891762894,-0.008098652544996641,2021-11-25 00:00:00+00:00,2021
40,-0.016916726143832134,0.0,0.0047589266432830485,0.00764630257479209,-0.0029248922586500928,0.005240647895276836,2022-01-04 00:00:00+00:00,2022
41,-0.046894206380357545,0.0,0.015795186513956054,0.011691852219246339,-0.0005804688418746956,0.020288091082804424,2022-02-13 00:00:00+00:00,2022
42,-0.04438852897057166,0.0,0.014620911736723606,0.014302366975510246,-0.013670536931875962,0.01872535984718205,2022-03-25 00:00:00+00:00,2022
43,0.00963189021134988,0.0,-0.005905120297559158,-0.0052778681459001225,-0.0023037275634767256,-0.006899385857149025,2022-05-04 00:00:00+00:00,2022
44,0.02958580465514425,0.0,-0.016560118536062533,-0.016766047700563558,0.0033903560635154123,-0.017396331245068397,2022-06-13 00:00:00+00:00,2022
45,0.013810470079382261,-1.734723475976807e-18,-0.009625861220330045,-0.008967093277729146,-0.01601172004971107,-0.011075225090755494,2022-07-23 00:00:00+00:00,2022
46,-0.07357444345014881,-1.3877787807814457e-17,0.04016483741486134,0.04078865784501674,0.003752267203684087,0.049415588987705046,2022-09-01 00:00:00+00:00,2022
47,0.044901331896504394,6.938893903907228e-18,-0.025382376731218115,-0.027239736753638076,-0.004383887898763997,-0.024427158434136793,2022-10-11 00:00:00+00:00,2022
48,0.03640477183044598,0.0,-0.017210715825502005,-0.011819389031823668,-0.008107710141293613,-0.019259634620304413,2022-11-20 00:00:00+00:00,2022
49,0.03438649367500138,0.0,-0.019458054451207674,-0.01796219992831601,-0.01080615010658488,-0.022309668169679102,2022-12-30 00:00:00+00:00,2022
50,-0.035826347393696535,6.938893903907228e-18,0.0294022516596447,0.024167721813938524,-0.025773016717379436,0.02537310003768245,2023-02-08 00:00:00+00:00,2023
51,0.029793363914155123,0.0,-0.018149999931429586,-0.018835992197481888,-0.0015994629215317496,-0.021516178086992202,2023-03-20 00:00:00+00:00,2023
52,-0.022049948218322936,0.0,0.01809111899130479,0.016088729309071983,0.0008868922290087601,0.018383896040809436,2023-04-29 00:00:00+00:00,2023
53,0.0201944756071742,0.0,-0.010568303704450548,-0.011501732151201116,0.020971255403430488,-0.012724000668432977,2023-06-08 00:00:00+00:00,2023
54,0.0028779737877123283,0.0,-0.0008610232623725363,-0.0015471151974331232,-0.003966755756263154,-0.002579145157516543,2023-07-18 00:00:00+00:00,2023
55,0.037030416874238005,-6.938893903907228e-18,-0.01968796858904117,-0.017454984692733155,-0.00424650463176033,-0.024714437670480698,2023-08-27 00:00:00+00:00,2023
56,0.03513650221327331,0.0,-0.022038707823549244,-0.01767023025624022,0.007027223275908941,-0.023968354911738193,2023-10-06 00:00:00+00:00,2023
57,-0.03377967443525421,0.0,0.026008915784859234,0.02371106783376275,0.04011644268139066,0.02551207230756504,2023-11-15 00:00:00+00:00,2023
58,-0.004417909391271243,-8.673617379884035e-19,0.0038695686836548978,0.003387298117036832,0.0010663001062653568,0.002803333215462277,2023-12-25 00:00:00+00:00,2023
59,-0.013854349130078367,0.0,0.007809849302260197,0.007140917684037774,-0.003777546344884017,0.00806389246795456,2024-02-03 00:00:00+00:00,2024
60,-0.01897198164544138,0.0,0.013252473145234936,0.01158018860546911,0.004465412558721432,0.010742885935511353,2024-03-14 00:00:00+00:00,2024
61,-0.023904227260230244,-3.469446951953614e-18,0.020483115216672777,0.01844213763820893,-0.00034735548432734617,0.021362628178635695,2024-04-23 00:00:00+00:00,2024
62,0.03930161277154334,0.0,-0.02300598249517016,-0.0262576898314577,-0.0016682874599522612,-0.02926345432318222,2024-06-02 00:00:00+00:00,2024
63,-0.018451280266274024,3.469446951953614e-18,0.01147985883703288,0.010919606775603819,-0.006380972881498567,0.012720307996909028,2024-07-12 00:00:00+00:00,2024
